PassengerId,Survived,Pclass,Sex,Age,SibSp,Parch,Fare,Cabin,Embarked
1,0,3,0,22.0,1,0,7.25,missing,S
2,1,1,1,38.0,1,0,71.2833,C85,C
3,1,3,1,26.0,0,0,7.925,missing,S
4,1,1,1,35.0,1,0,53.1,C123,S
5,0,3,0,35.0,0,0,8.05,missing,S
6,0,3,0,29.7,0,0,8.4583,missing,Q
7,0,1,0,54.0,0,0,51.8625,E46,S
8,0,3,0,2.0,3,1,21.075,missing,S
9,1,3,1,27.0,0,2,11.1333,missing,S
10,1,2,1,14.0,1,0,30.0708,missing,C
11,1,3,1,4.0,1,1,16.7,G6,S
12,1,1,1,58.0,0,0,26.55,C103,S
13,0,3,0,20.0,0,0,8.05,missing,S
14,0,3,0,39.0,1,5,31.275,missing,S
15,0,3,1,14.0,0,0,7.8542,missing,S
16,1,2,1,55.0,0,0,16.0,missing,S
17,0,3,0,2.0,4,1,29.125,missing,Q
18,1,2,0,29.7,0,0,13.0,missing,S
19,0,3,1,31.0,1,0,18.0,missing,S
20,1,3,1,29.7,0,0,7.225,missing,C
21,0,2,0,35.0,0,0,26.0,missing,S
22,1,2,0,34.0,0,0,13.0,D56,S
23,1,3,1,15.0,0,0,8.0292,missing,Q
24,1,1,0,28.0,0,0,35.5,A6,S
25,0,3,1,8.0,3,1,21.075,missing,S
26,1,3,1,38.0,1,5,31.3875,missing,S
27,0,3,0,29.7,0,0,7.225,missing,C
28,0,1,0,19.0,3,2,263.0,C23 C25 C27,S
29,1,3,1,29.7,0,0,7.8792,missing,Q
30,0,3,0,29.7,0,0,7.8958,missing,S
31,0,1,0,40.0,0,0,27.7208,missing,C
32,1,1,1,29.7,1,0,146.5208,B78,C
33,1,3,1,29.7,0,0,7.75,missing,Q
34,0,2,0,66.0,0,0,10.5,missing,S
35,0,1,0,28.0,1,0,82.1708,missing,C
36,0,1,0,42.0,1,0,52.0,missing,S
37,1,3,0,29.7,0,0,7.2292,missing,C
38,0,3,0,21.0,0,0,8.05,missing,S
39,0,3,1,18.0,2,0,18.0,missing,S
40,1,3,1,14.0,1,0,11.2417,missing,C
41,0,3,1,40.0,1,0,9.475,missing,S
42,0,2,1,27.0,1,0,21.0,missing,S
43,0,3,0,29.7,0,0,7.8958,missing,C
44,1,2,1,3.0,1,2,41.5792,missing,C
45,1,3,1,19.0,0,0,7.8792,missing,Q
46,0,3,0,29.7,0,0,8.05,missing,S
47,0,3,0,29.7,1,0,15.5,missing,Q
48,1,3,1,29.7,0,0,7.75,missing,Q
49,0,3,0,29.7,2,0,21.6792,missing,C
50,0,3,1,18.0,1,0,17.8,missing,S
51,0,3,0,7.0,4,1,39.6875,missing,S
52,0,3,0,21.0,0,0,7.8,missing,S
53,1,1,1,49.0,1,0,76.7292,D33,C
54,1,2,1,29.0,1,0,26.0,missing,S
55,0,1,0,65.0,0,1,61.9792,B30,C
56,1,1,0,29.7,0,0,35.5,C52,S
57,1,2,1,21.0,0,0,10.5,missing,S
58,0,3,0,28.5,0,0,7.2292,missing,C
59,1,2,1,5.0,1,2,27.75,missing,S
60,0,3,0,11.0,5,2,46.9,missing,S
61,0,3,0,22.0,0,0,7.2292,missing,C
62,1,1,1,38.0,0,0,80.0,B28,
63,0,1,0,45.0,1,0,83.475,C83,S
64,0,3,0,4.0,3,2,27.9,missing,S
65,0,1,0,29.7,0,0,27.7208,missing,C
66,1,3,0,29.7,1,1,15.2458,missing,C
67,1,2,1,29.0,0,0,10.5,F33,S
68,0,3,0,19.0,0,0,8.1583,missing,S
69,1,3,1,17.0,4,2,7.925,missing,S
70,0,3,0,26.0,2,0,8.6625,missing,S
71,0,2,0,32.0,0,0,10.5,missing,S
72,0,3,1,16.0,5,2,46.9,missing,S
73,0,2,0,21.0,0,0,73.5,missing,S
74,0,3,0,26.0,1,0,14.4542,missing,C
75,1,3,0,32.0,0,0,56.4958,missing,S
76,0,3,0,25.0,0,0,7.65,F G73,S
77,0,3,0,29.7,0,0,7.8958,missing,S
78,0,3,0,29.7,0,0,8.05,missing,S
79,1,2,0,0.83,0,2,29.0,missing,S
80,1,3,1,30.0,0,0,12.475,missing,S
81,0,3,0,22.0,0,0,9.0,missing,S
82,1,3,0,29.0,0,0,9.5,missing,S
83,1,3,1,29.7,0,0,7.7875,missing,Q
84,0,1,0,28.0,0,0,47.1,missing,S
85,1,2,1,17.0,0,0,10.5,missing,S
86,1,3,1,33.0,3,0,15.85,missing,S
87,0,3,0,16.0,1,3,34.375,missing,S
88,0,3,0,29.7,0,0,8.05,missing,S
89,1,1,1,23.0,3,2,263.0,C23 C25 C27,S
90,0,3,0,24.0,0,0,8.05,missing,S
91,0,3,0,29.0,0,0,8.05,missing,S
92,0,3,0,20.0,0,0,7.8542,missing,S
93,0,1,0,46.0,1,0,61.175,E31,S
94,0,3,0,26.0,1,2,20.575,missing,S
95,0,3,0,59.0,0,0,7.25,missing,S
96,0,3,0,29.7,0,0,8.05,missing,S
97,0,1,0,71.0,0,0,34.6542,A5,C
98,1,1,0,23.0,0,1,63.3583,D10 D12,C
99,1,2,1,34.0,0,1,23.0,missing,S
100,0,2,0,34.0,1,0,26.0,missing,S
101,0,3,1,28.0,0,0,7.8958,missing,S
102,0,3,0,29.7,0,0,7.8958,missing,S
103,0,1,0,21.0,0,1,77.2875,D26,S
104,0,3,0,33.0,0,0,8.6542,missing,S
105,0,3,0,37.0,2,0,7.925,missing,S
106,0,3,0,28.0,0,0,7.8958,missing,S
107,1,3,1,21.0,0,0,7.65,missing,S
108,1,3,0,29.7,0,0,7.775,missing,S
109,0,3,0,38.0,0,0,7.8958,missing,S
110,1,3,1,29.7,1,0,24.15,missing,Q
111,0,1,0,47.0,0,0,52.0,C110,S
112,0,3,1,14.5,1,0,14.4542,missing,C
113,0,3,0,22.0,0,0,8.05,missing,S
114,0,3,1,20.0,1,0,9.825,missing,S
115,0,3,1,17.0,0,0,14.4583,missing,C
116,0,3,0,21.0,0,0,7.925,missing,S
117,0,3,0,70.5,0,0,7.75,missing,Q
118,0,2,0,29.0,1,0,21.0,missing,S
119,0,1,0,24.0,0,1,247.5208,B58 B60,C
120,0,3,1,2.0,4,2,31.275,missing,S
121,0,2,0,21.0,2,0,73.5,missing,S
122,0,3,0,29.7,0,0,8.05,missing,S
123,0,2,0,32.5,1,0,30.0708,missing,C
124,1,2,1,32.5,0,0,13.0,E101,S
125,0,1,0,54.0,0,1,77.2875,D26,S
126,1,3,0,12.0,1,0,11.2417,missing,C
127,0,3,0,29.7,0,0,7.75,missing,Q
128,1,3,0,24.0,0,0,7.1417,missing,S
129,1,3,1,29.7,1,1,22.3583,F E69,C
130,0,3,0,45.0,0,0,6.975,missing,S
131,0,3,0,33.0,0,0,7.8958,missing,C
132,0,3,0,20.0,0,0,7.05,missing,S
133,0,3,1,47.0,1,0,14.5,missing,S
134,1,2,1,29.0,1,0,26.0,missing,S
135,0,2,0,25.0,0,0,13.0,missing,S
136,0,2,0,23.0,0,0,15.0458,missing,C
137,1,1,1,19.0,0,2,26.2833,D47,S
138,0,1,0,37.0,1,0,53.1,C123,S
139,0,3,0,16.0,0,0,9.2167,missing,S
140,0,1,0,24.0,0,0,79.2,B86,C
141,0,3,1,29.7,0,2,15.2458,missing,C
142,1,3,1,22.0,0,0,7.75,missing,S
143,1,3,1,24.0,1,0,15.85,missing,S
144,0,3,0,19.0,0,0,6.75,missing,Q
145,0,2,0,18.0,0,0,11.5,missing,S
146,0,2,0,19.0,1,1,36.75,missing,S
147,1,3,0,27.0,0,0,7.7958,missing,S
148,0,3,1,9.0,2,2,34.375,missing,S
149,0,2,0,36.5,0,2,26.0,F2,S
150,0,2,0,42.0,0,0,13.0,missing,S
151,0,2,0,51.0,0,0,12.525,missing,S
152,1,1,1,22.0,1,0,66.6,C2,S
153,0,3,0,55.5,0,0,8.05,missing,S
154,0,3,0,40.5,0,2,14.5,missing,S
155,0,3,0,29.7,0,0,7.3125,missing,S
156,0,1,0,51.0,0,1,61.3792,missing,C
157,1,3,1,16.0,0,0,7.7333,missing,Q
158,0,3,0,30.0,0,0,8.05,missing,S
159,0,3,0,29.7,0,0,8.6625,missing,S
160,0,3,0,29.7,8,2,69.55,missing,S
161,0,3,0,44.0,0,1,16.1,missing,S
162,1,2,1,40.0,0,0,15.75,missing,S
163,0,3,0,26.0,0,0,7.775,missing,S
164,0,3,0,17.0,0,0,8.6625,missing,S
165,0,3,0,1.0,4,1,39.6875,missing,S
166,1,3,0,9.0,0,2,20.525,missing,S
167,1,1,1,29.7,0,1,55.0,E33,S
168,0,3,1,45.0,1,4,27.9,missing,S
169,0,1,0,29.7,0,0,25.925,missing,S
170,0,3,0,28.0,0,0,56.4958,missing,S
171,0,1,0,61.0,0,0,33.5,B19,S
172,0,3,0,4.0,4,1,29.125,missing,Q
173,1,3,1,1.0,1,1,11.1333,missing,S
174,0,3,0,21.0,0,0,7.925,missing,S
175,0,1,0,56.0,0,0,30.6958,A7,C
176,0,3,0,18.0,1,1,7.8542,missing,S
177,0,3,0,29.7,3,1,25.4667,missing,S
178,0,1,1,50.0,0,0,28.7125,C49,C
179,0,2,0,30.0,0,0,13.0,missing,S
180,0,3,0,36.0,0,0,0.0,missing,S
181,0,3,1,29.7,8,2,69.55,missing,S
182,0,2,0,29.7,0,0,15.05,missing,C
183,0,3,0,9.0,4,2,31.3875,missing,S
184,1,2,0,1.0,2,1,39.0,F4,S
185,1,3,1,4.0,0,2,22.025,missing,S
186,0,1,0,29.7,0,0,50.0,A32,S
187,1,3,1,29.7,1,0,15.5,missing,Q
188,1,1,0,45.0,0,0,26.55,missing,S
189,0,3,0,40.0,1,1,15.5,missing,Q
190,0,3,0,36.0,0,0,7.8958,missing,S
191,1,2,1,32.0,0,0,13.0,missing,S
192,0,2,0,19.0,0,0,13.0,missing,S
193,1,3,1,19.0,1,0,7.8542,missing,S
194,1,2,0,3.0,1,1,26.0,F2,S
195,1,1,1,44.0,0,0,27.7208,B4,C
196,1,1,1,58.0,0,0,146.5208,B80,C
197,0,3,0,29.7,0,0,7.75,missing,Q
198,0,3,0,42.0,0,1,8.4042,missing,S
199,1,3,1,29.7,0,0,7.75,missing,Q
200,0,2,1,24.0,0,0,13.0,missing,S
201,0,3,0,28.0,0,0,9.5,missing,S
202,0,3,0,29.7,8,2,69.55,missing,S
203,0,3,0,34.0,0,0,6.4958,missing,S
204,0,3,0,45.5,0,0,7.225,missing,C
205,1,3,0,18.0,0,0,8.05,missing,S
206,0,3,1,2.0,0,1,10.4625,G6,S
207,0,3,0,32.0,1,0,15.85,missing,S
208,1,3,0,26.0,0,0,18.7875,missing,C
209,1,3,1,16.0,0,0,7.75,missing,Q
210,1,1,0,40.0,0,0,31.0,A31,C
211,0,3,0,24.0,0,0,7.05,missing,S
212,1,2,1,35.0,0,0,21.0,missing,S
213,0,3,0,22.0,0,0,7.25,missing,S
214,0,2,0,30.0,0,0,13.0,missing,S
215,0,3,0,29.7,1,0,7.75,missing,Q
216,1,1,1,31.0,1,0,113.275,D36,C
217,1,3,1,27.0,0,0,7.925,missing,S
218,0,2,0,42.0,1,0,27.0,missing,S
219,1,1,1,32.0,0,0,76.2917,D15,C
220,0,2,0,30.0,0,0,10.5,missing,S
221,1,3,0,16.0,0,0,8.05,missing,S
222,0,2,0,27.0,0,0,13.0,missing,S
223,0,3,0,51.0,0,0,8.05,missing,S
224,0,3,0,29.7,0,0,7.8958,missing,S
225,1,1,0,38.0,1,0,90.0,C93,S
226,0,3,0,22.0,0,0,9.35,missing,S
227,1,2,0,19.0,0,0,10.5,missing,S
228,0,3,0,20.5,0,0,7.25,missing,S
229,0,2,0,18.0,0,0,13.0,missing,S
230,0,3,1,29.7,3,1,25.4667,missing,S
231,1,1,1,35.0,1,0,83.475,C83,S
232,0,3,0,29.0,0,0,7.775,missing,S
233,0,2,0,59.0,0,0,13.5,missing,S
234,1,3,1,5.0,4,2,31.3875,missing,S
235,0,2,0,24.0,0,0,10.5,missing,S
236,0,3,1,29.7,0,0,7.55,missing,S
237,0,2,0,44.0,1,0,26.0,missing,S
238,1,2,1,8.0,0,2,26.25,missing,S
239,0,2,0,19.0,0,0,10.5,missing,S
240,0,2,0,33.0,0,0,12.275,missing,S
241,0,3,1,29.7,1,0,14.4542,missing,C
242,1,3,1,29.7,1,0,15.5,missing,Q
243,0,2,0,29.0,0,0,10.5,missing,S
244,0,3,0,22.0,0,0,7.125,missing,S
245,0,3,0,30.0,0,0,7.225,missing,C
246,0,1,0,44.0,2,0,90.0,C78,Q
247,0,3,1,25.0,0,0,7.775,missing,S
248,1,2,1,24.0,0,2,14.5,missing,S
249,1,1,0,37.0,1,1,52.5542,D35,S
250,0,2,0,54.0,1,0,26.0,missing,S
251,0,3,0,29.7,0,0,7.25,missing,S
252,0,3,1,29.0,1,1,10.4625,G6,S
253,0,1,0,62.0,0,0,26.55,C87,S
254,0,3,0,30.0,1,0,16.1,missing,S
255,0,3,1,41.0,0,2,20.2125,missing,S
256,1,3,1,29.0,0,2,15.2458,missing,C
257,1,1,1,29.7,0,0,79.2,missing,C
258,1,1,1,30.0,0,0,86.5,B77,S
259,1,1,1,35.0,0,0,512.3292,missing,C
260,1,2,1,50.0,0,1,26.0,missing,S
261,0,3,0,29.7,0,0,7.75,missing,Q
262,1,3,0,3.0,4,2,31.3875,missing,S
263,0,1,0,52.0,1,1,79.65,E67,S
264,0,1,0,40.0,0,0,0.0,B94,S
265,0,3,1,29.7,0,0,7.75,missing,Q
266,0,2,0,36.0,0,0,10.5,missing,S
267,0,3,0,16.0,4,1,39.6875,missing,S
268,1,3,0,25.0,1,0,7.775,missing,S
269,1,1,1,58.0,0,1,153.4625,C125,S
270,1,1,1,35.0,0,0,135.6333,C99,S
271,0,1,0,29.7,0,0,31.0,missing,S
272,1,3,0,25.0,0,0,0.0,missing,S
273,1,2,1,41.0,0,1,19.5,missing,S
274,0,1,0,37.0,0,1,29.7,C118,C
275,1,3,1,29.7,0,0,7.75,missing,Q
276,1,1,1,63.0,1,0,77.9583,D7,S
277,0,3,1,45.0,0,0,7.75,missing,S
278,0,2,0,29.7,0,0,0.0,missing,S
279,0,3,0,7.0,4,1,29.125,missing,Q
280,1,3,1,35.0,1,1,20.25,missing,S
281,0,3,0,65.0,0,0,7.75,missing,Q
282,0,3,0,28.0,0,0,7.8542,missing,S
283,0,3,0,16.0,0,0,9.5,missing,S
284,1,3,0,19.0,0,0,8.05,missing,S
285,0,1,0,29.7,0,0,26.0,A19,S
286,0,3,0,33.0,0,0,8.6625,missing,C
287,1,3,0,30.0,0,0,9.5,missing,S
288,0,3,0,22.0,0,0,7.8958,missing,S
289,1,2,0,42.0,0,0,13.0,missing,S
290,1,3,1,22.0,0,0,7.75,missing,Q
291,1,1,1,26.0,0,0,78.85,missing,S
292,1,1,1,19.0,1,0,91.0792,B49,C
293,0,2,0,36.0,0,0,12.875,D,C
294,0,3,1,24.0,0,0,8.85,missing,S
295,0,3,0,24.0,0,0,7.8958,missing,S
296,0,1,0,29.7,0,0,27.7208,missing,C
297,0,3,0,23.5,0,0,7.2292,missing,C
298,0,1,1,2.0,1,2,151.55,C22 C26,S
299,1,1,0,29.7,0,0,30.5,C106,S
300,1,1,1,50.0,0,1,247.5208,B58 B60,C
301,1,3,1,29.7,0,0,7.75,missing,Q
302,1,3,0,29.7,2,0,23.25,missing,Q
303,0,3,0,19.0,0,0,0.0,missing,S
304,1,2,1,29.7,0,0,12.35,E101,Q
305,0,3,0,29.7,0,0,8.05,missing,S
306,1,1,0,0.92,1,2,151.55,C22 C26,S
307,1,1,1,29.7,0,0,110.8833,missing,C
308,1,1,1,17.0,1,0,108.9,C65,C
309,0,2,0,30.0,1,0,24.0,missing,C
310,1,1,1,30.0,0,0,56.9292,E36,C
311,1,1,1,24.0,0,0,83.1583,C54,C
312,1,1,1,18.0,2,2,262.375,B57 B59 B63 B66,C
313,0,2,1,26.0,1,1,26.0,missing,S
314,0,3,0,28.0,0,0,7.8958,missing,S
315,0,2,0,43.0,1,1,26.25,missing,S
316,1,3,1,26.0,0,0,7.8542,missing,S
317,1,2,1,24.0,1,0,26.0,missing,S
318,0,2,0,54.0,0,0,14.0,missing,S
319,1,1,1,31.0,0,2,164.8667,C7,S
320,1,1,1,40.0,1,1,134.5,E34,C
321,0,3,0,22.0,0,0,7.25,missing,S
322,0,3,0,27.0,0,0,7.8958,missing,S
323,1,2,1,30.0,0,0,12.35,missing,Q
324,1,2,1,22.0,1,1,29.0,missing,S
325,0,3,0,29.7,8,2,69.55,missing,S
326,1,1,1,36.0,0,0,135.6333,C32,C
327,0,3,0,61.0,0,0,6.2375,missing,S
328,1,2,1,36.0,0,0,13.0,D,S
329,1,3,1,31.0,1,1,20.525,missing,S
330,1,1,1,16.0,0,1,57.9792,B18,C
331,1,3,1,29.7,2,0,23.25,missing,Q
332,0,1,0,45.5,0,0,28.5,C124,S
333,0,1,0,38.0,0,1,153.4625,C91,S
334,0,3,0,16.0,2,0,18.0,missing,S
335,1,1,1,29.7,1,0,133.65,missing,S
336,0,3,0,29.7,0,0,7.8958,missing,S
337,0,1,0,29.0,1,0,66.6,C2,S
338,1,1,1,41.0,0,0,134.5,E40,C
339,1,3,0,45.0,0,0,8.05,missing,S
340,0,1,0,45.0,0,0,35.5,T,S
341,1,2,0,2.0,1,1,26.0,F2,S
342,1,1,1,24.0,3,2,263.0,C23 C25 C27,S
343,0,2,0,28.0,0,0,13.0,missing,S
344,0,2,0,25.0,0,0,13.0,missing,S
345,0,2,0,36.0,0,0,13.0,missing,S
346,1,2,1,24.0,0,0,13.0,F33,S
347,1,2,1,40.0,0,0,13.0,missing,S
348,1,3,1,29.7,1,0,16.1,missing,S
349,1,3,0,3.0,1,1,15.9,missing,S
350,0,3,0,42.0,0,0,8.6625,missing,S
351,0,3,0,23.0,0,0,9.225,missing,S
352,0,1,0,29.7,0,0,35.0,C128,S
353,0,3,0,15.0,1,1,7.2292,missing,C
354,0,3,0,25.0,1,0,17.8,missing,S
355,0,3,0,29.7,0,0,7.225,missing,C
356,0,3,0,28.0,0,0,9.5,missing,S
357,1,1,1,22.0,0,1,55.0,E33,S
358,0,2,1,38.0,0,0,13.0,missing,S
359,1,3,1,29.7,0,0,7.8792,missing,Q
360,1,3,1,29.7,0,0,7.8792,missing,Q
361,0,3,0,40.0,1,4,27.9,missing,S
362,0,2,0,29.0,1,0,27.7208,missing,C
363,0,3,1,45.0,0,1,14.4542,missing,C
364,0,3,0,35.0,0,0,7.05,missing,S
365,0,3,0,29.7,1,0,15.5,missing,Q
366,0,3,0,30.0,0,0,7.25,missing,S
367,1,1,1,60.0,1,0,75.25,D37,C
368,1,3,1,29.7,0,0,7.2292,missing,C
369,1,3,1,29.7,0,0,7.75,missing,Q
370,1,1,1,24.0,0,0,69.3,B35,C
371,1,1,0,25.0,1,0,55.4417,E50,C
372,0,3,0,18.0,1,0,6.4958,missing,S
373,0,3,0,19.0,0,0,8.05,missing,S
374,0,1,0,22.0,0,0,135.6333,missing,C
375,0,3,1,3.0,3,1,21.075,missing,S
376,1,1,1,29.7,1,0,82.1708,missing,C
377,1,3,1,22.0,0,0,7.25,missing,S
378,0,1,0,27.0,0,2,211.5,C82,C
379,0,3,0,20.0,0,0,4.0125,missing,C
380,0,3,0,19.0,0,0,7.775,missing,S
381,1,1,1,42.0,0,0,227.525,missing,C
382,1,3,1,1.0,0,2,15.7417,missing,C
383,0,3,0,32.0,0,0,7.925,missing,S
384,1,1,1,35.0,1,0,52.0,missing,S
385,0,3,0,29.7,0,0,7.8958,missing,S
386,0,2,0,18.0,0,0,73.5,missing,S
387,0,3,0,1.0,5,2,46.9,missing,S
388,1,2,1,36.0,0,0,13.0,missing,S
389,0,3,0,29.7,0,0,7.7292,missing,Q
390,1,2,1,17.0,0,0,12.0,missing,C
391,1,1,0,36.0,1,2,120.0,B96 B98,S
392,1,3,0,21.0,0,0,7.7958,missing,S
393,0,3,0,28.0,2,0,7.925,missing,S
394,1,1,1,23.0,1,0,113.275,D36,C
395,1,3,1,24.0,0,2,16.7,G6,S
396,0,3,0,22.0,0,0,7.7958,missing,S
397,0,3,1,31.0,0,0,7.8542,missing,S
398,0,2,0,46.0,0,0,26.0,missing,S
399,0,2,0,23.0,0,0,10.5,missing,S
400,1,2,1,28.0,0,0,12.65,missing,S
401,1,3,0,39.0,0,0,7.925,missing,S
402,0,3,0,26.0,0,0,8.05,missing,S
403,0,3,1,21.0,1,0,9.825,missing,S
404,0,3,0,28.0,1,0,15.85,missing,S
405,0,3,1,20.0,0,0,8.6625,missing,S
406,0,2,0,34.0,1,0,21.0,missing,S
407,0,3,0,51.0,0,0,7.75,missing,S
408,1,2,0,3.0,1,1,18.75,missing,S
409,0,3,0,21.0,0,0,7.775,missing,S
410,0,3,1,29.7,3,1,25.4667,missing,S
411,0,3,0,29.7,0,0,7.8958,missing,S
412,0,3,0,29.7,0,0,6.8583,missing,Q
413,1,1,1,33.0,1,0,90.0,C78,Q
414,0,2,0,29.7,0,0,0.0,missing,S
415,1,3,0,44.0,0,0,7.925,missing,S
416,0,3,1,29.7,0,0,8.05,missing,S
417,1,2,1,34.0,1,1,32.5,missing,S
418,1,2,1,18.0,0,2,13.0,missing,S
419,0,2,0,30.0,0,0,13.0,missing,S
420,0,3,1,10.0,0,2,24.15,missing,S
421,0,3,0,29.7,0,0,7.8958,missing,C
422,0,3,0,21.0,0,0,7.7333,missing,Q
423,0,3,0,29.0,0,0,7.875,missing,S
424,0,3,1,28.0,1,1,14.4,missing,S
425,0,3,0,18.0,1,1,20.2125,missing,S
426,0,3,0,29.7,0,0,7.25,missing,S
427,1,2,1,28.0,1,0,26.0,missing,S
428,1,2,1,19.0,0,0,26.0,missing,S
429,0,3,0,29.7,0,0,7.75,missing,Q
430,1,3,0,32.0,0,0,8.05,E10,S
431,1,1,0,28.0,0,0,26.55,C52,S
432,1,3,1,29.7,1,0,16.1,missing,S
433,1,2,1,42.0,1,0,26.0,missing,S
434,0,3,0,17.0,0,0,7.125,missing,S
435,0,1,0,50.0,1,0,55.9,E44,S
436,1,1,1,14.0,1,2,120.0,B96 B98,S
437,0,3,1,21.0,2,2,34.375,missing,S
438,1,2,1,24.0,2,3,18.75,missing,S
439,0,1,0,64.0,1,4,263.0,C23 C25 C27,S
440,0,2,0,31.0,0,0,10.5,missing,S
441,1,2,1,45.0,1,1,26.25,missing,S
442,0,3,0,20.0,0,0,9.5,missing,S
443,0,3,0,25.0,1,0,7.775,missing,S
444,1,2,1,28.0,0,0,13.0,missing,S
445,1,3,0,29.7,0,0,8.1125,missing,S
446,1,1,0,4.0,0,2,81.8583,A34,S
447,1,2,1,13.0,0,1,19.5,missing,S
448,1,1,0,34.0,0,0,26.55,missing,S
449,1,3,1,5.0,2,1,19.2583,missing,C
450,1,1,0,52.0,0,0,30.5,C104,S
451,0,2,0,36.0,1,2,27.75,missing,S
452,0,3,0,29.7,1,0,19.9667,missing,S
453,0,1,0,30.0,0,0,27.75,C111,C
454,1,1,0,49.0,1,0,89.1042,C92,C
455,0,3,0,29.7,0,0,8.05,missing,S
456,1,3,0,29.0,0,0,7.8958,missing,C
457,0,1,0,65.0,0,0,26.55,E38,S
458,1,1,1,29.7,1,0,51.8625,D21,S
459,1,2,1,50.0,0,0,10.5,missing,S
460,0,3,0,29.7,0,0,7.75,missing,Q
461,1,1,0,48.0,0,0,26.55,E12,S
462,0,3,0,34.0,0,0,8.05,missing,S
463,0,1,0,47.0,0,0,38.5,E63,S
464,0,2,0,48.0,0,0,13.0,missing,S
465,0,3,0,29.7,0,0,8.05,missing,S
466,0,3,0,38.0,0,0,7.05,missing,S
467,0,2,0,29.7,0,0,0.0,missing,S
468,0,1,0,56.0,0,0,26.55,missing,S
469,0,3,0,29.7,0,0,7.725,missing,Q
470,1,3,1,0.75,2,1,19.2583,missing,C
471,0,3,0,29.7,0,0,7.25,missing,S
472,0,3,0,38.0,0,0,8.6625,missing,S
473,1,2,1,33.0,1,2,27.75,missing,S
474,1,2,1,23.0,0,0,13.7917,D,C
475,0,3,1,22.0,0,0,9.8375,missing,S
476,0,1,0,29.7,0,0,52.0,A14,S
477,0,2,0,34.0,1,0,21.0,missing,S
478,0,3,0,29.0,1,0,7.0458,missing,S
479,0,3,0,22.0,0,0,7.5208,missing,S
480,1,3,1,2.0,0,1,12.2875,missing,S
481,0,3,0,9.0,5,2,46.9,missing,S
482,0,2,0,29.7,0,0,0.0,missing,S
483,0,3,0,50.0,0,0,8.05,missing,S
484,1,3,1,63.0,0,0,9.5875,missing,S
485,1,1,0,25.0,1,0,91.0792,B49,C
486,0,3,1,29.7,3,1,25.4667,missing,S
487,1,1,1,35.0,1,0,90.0,C93,S
488,0,1,0,58.0,0,0,29.7,B37,C
489,0,3,0,30.0,0,0,8.05,missing,S
490,1,3,0,9.0,1,1,15.9,missing,S
491,0,3,0,29.7,1,0,19.9667,missing,S
492,0,3,0,21.0,0,0,7.25,missing,S
493,0,1,0,55.0,0,0,30.5,C30,S
494,0,1,0,71.0,0,0,49.5042,missing,C
495,0,3,0,21.0,0,0,8.05,missing,S
496,0,3,0,29.7,0,0,14.4583,missing,C
497,1,1,1,54.0,1,0,78.2667,D20,C
498,0,3,0,29.7,0,0,15.1,missing,S
499,0,1,1,25.0,1,2,151.55,C22 C26,S
500,0,3,0,24.0,0,0,7.7958,missing,S
501,0,3,0,17.0,0,0,8.6625,missing,S
502,0,3,1,21.0,0,0,7.75,missing,Q
503,0,3,1,29.7,0,0,7.6292,missing,Q
504,0,3,1,37.0,0,0,9.5875,missing,S
505,1,1,1,16.0,0,0,86.5,B79,S
506,0,1,0,18.0,1,0,108.9,C65,C
507,1,2,1,33.0,0,2,26.0,missing,S
508,1,1,0,29.7,0,0,26.55,missing,S
509,0,3,0,28.0,0,0,22.525,missing,S
510,1,3,0,26.0,0,0,56.4958,missing,S
511,1,3,0,29.0,0,0,7.75,missing,Q
512,0,3,0,29.7,0,0,8.05,missing,S
513,1,1,0,36.0,0,0,26.2875,E25,S
514,1,1,1,54.0,1,0,59.4,missing,C
515,0,3,0,24.0,0,0,7.4958,missing,S
516,0,1,0,47.0,0,0,34.0208,D46,S
517,1,2,1,34.0,0,0,10.5,F33,S
518,0,3,0,29.7,0,0,24.15,missing,Q
519,1,2,1,36.0,1,0,26.0,missing,S
520,0,3,0,32.0,0,0,7.8958,missing,S
521,1,1,1,30.0,0,0,93.5,B73,S
522,0,3,0,22.0,0,0,7.8958,missing,S
523,0,3,0,29.7,0,0,7.225,missing,C
524,1,1,1,44.0,0,1,57.9792,B18,C
525,0,3,0,29.7,0,0,7.2292,missing,C
526,0,3,0,40.5,0,0,7.75,missing,Q
527,1,2,1,50.0,0,0,10.5,missing,S
528,0,1,0,29.7,0,0,221.7792,C95,S
529,0,3,0,39.0,0,0,7.925,missing,S
530,0,2,0,23.0,2,1,11.5,missing,S
531,1,2,1,2.0,1,1,26.0,missing,S
532,0,3,0,29.7,0,0,7.2292,missing,C
533,0,3,0,17.0,1,1,7.2292,missing,C
534,1,3,1,29.7,0,2,22.3583,missing,C
535,0,3,1,30.0,0,0,8.6625,missing,S
536,1,2,1,7.0,0,2,26.25,missing,S
537,0,1,0,45.0,0,0,26.55,B38,S
538,1,1,1,30.0,0,0,106.425,missing,C
539,0,3,0,29.7,0,0,14.5,missing,S
540,1,1,1,22.0,0,2,49.5,B39,C
541,1,1,1,36.0,0,2,71.0,B22,S
542,0,3,1,9.0,4,2,31.275,missing,S
543,0,3,1,11.0,4,2,31.275,missing,S
544,1,2,0,32.0,1,0,26.0,missing,S
545,0,1,0,50.0,1,0,106.425,C86,C
546,0,1,0,64.0,0,0,26.0,missing,S
547,1,2,1,19.0,1,0,26.0,missing,S
548,1,2,0,29.7,0,0,13.8625,missing,C
549,0,3,0,33.0,1,1,20.525,missing,S
550,1,2,0,8.0,1,1,36.75,missing,S
551,1,1,0,17.0,0,2,110.8833,C70,C
552,0,2,0,27.0,0,0,26.0,missing,S
553,0,3,0,29.7,0,0,7.8292,missing,Q
554,1,3,0,22.0,0,0,7.225,missing,C
555,1,3,1,22.0,0,0,7.775,missing,S
556,0,1,0,62.0,0,0,26.55,missing,S
557,1,1,1,48.0,1,0,39.6,A16,C
558,0,1,0,29.7,0,0,227.525,missing,C
559,1,1,1,39.0,1,1,79.65,E67,S
560,1,3,1,36.0,1,0,17.4,missing,S
561,0,3,0,29.7,0,0,7.75,missing,Q
562,0,3,0,40.0,0,0,7.8958,missing,S
563,0,2,0,28.0,0,0,13.5,missing,S
564,0,3,0,29.7,0,0,8.05,missing,S
565,0,3,1,29.7,0,0,8.05,missing,S
566,0,3,0,24.0,2,0,24.15,missing,S
567,0,3,0,19.0,0,0,7.8958,missing,S
568,0,3,1,29.0,0,4,21.075,missing,S
569,0,3,0,29.7,0,0,7.2292,missing,C
570,1,3,0,32.0,0,0,7.8542,missing,S
571,1,2,0,62.0,0,0,10.5,missing,S
572,1,1,1,53.0,2,0,51.4792,C101,S
573,1,1,0,36.0,0,0,26.3875,E25,S
574,1,3,1,29.7,0,0,7.75,missing,Q
575,0,3,0,16.0,0,0,8.05,missing,S
576,0,3,0,19.0,0,0,14.5,missing,S
577,1,2,1,34.0,0,0,13.0,missing,S
578,1,1,1,39.0,1,0,55.9,E44,S
579,0,3,1,29.7,1,0,14.4583,missing,C
580,1,3,0,32.0,0,0,7.925,missing,S
581,1,2,1,25.0,1,1,30.0,missing,S
582,1,1,1,39.0,1,1,110.8833,C68,C
583,0,2,0,54.0,0,0,26.0,missing,S
584,0,1,0,36.0,0,0,40.125,A10,C
585,0,3,0,29.7,0,0,8.7125,missing,C
586,1,1,1,18.0,0,2,79.65,E68,S
587,0,2,0,47.0,0,0,15.0,missing,S
588,1,1,0,60.0,1,1,79.2,B41,C
589,0,3,0,22.0,0,0,8.05,missing,S
590,0,3,0,29.7,0,0,8.05,missing,S
591,0,3,0,35.0,0,0,7.125,missing,S
592,1,1,1,52.0,1,0,78.2667,D20,C
593,0,3,0,47.0,0,0,7.25,missing,S
594,0,3,1,29.7,0,2,7.75,missing,Q
595,0,2,0,37.0,1,0,26.0,missing,S
596,0,3,0,36.0,1,1,24.15,missing,S
597,1,2,1,29.7,0,0,33.0,missing,S
598,0,3,0,49.0,0,0,0.0,missing,S
599,0,3,0,29.7,0,0,7.225,missing,C
600,1,1,0,49.0,1,0,56.9292,A20,C
601,1,2,1,24.0,2,1,27.0,missing,S
602,0,3,0,29.7,0,0,7.8958,missing,S
603,0,1,0,29.7,0,0,42.4,missing,S
604,0,3,0,44.0,0,0,8.05,missing,S
605,1,1,0,35.0,0,0,26.55,missing,C
606,0,3,0,36.0,1,0,15.55,missing,S
607,0,3,0,30.0,0,0,7.8958,missing,S
608,1,1,0,27.0,0,0,30.5,missing,S
609,1,2,1,22.0,1,2,41.5792,missing,C
610,1,1,1,40.0,0,0,153.4625,C125,S
611,0,3,1,39.0,1,5,31.275,missing,S
612,0,3,0,29.7,0,0,7.05,missing,S
613,1,3,1,29.7,1,0,15.5,missing,Q
614,0,3,0,29.7,0,0,7.75,missing,Q
615,0,3,0,35.0,0,0,8.05,missing,S
616,1,2,1,24.0,1,2,65.0,missing,S
617,0,3,0,34.0,1,1,14.4,missing,S
618,0,3,1,26.0,1,0,16.1,missing,S
619,1,2,1,4.0,2,1,39.0,F4,S
620,0,2,0,26.0,0,0,10.5,missing,S
621,0,3,0,27.0,1,0,14.4542,missing,C
622,1,1,0,42.0,1,0,52.5542,D19,S
623,1,3,0,20.0,1,1,15.7417,missing,C
624,0,3,0,21.0,0,0,7.8542,missing,S
625,0,3,0,21.0,0,0,16.1,missing,S
626,0,1,0,61.0,0,0,32.3208,D50,S
627,0,2,0,57.0,0,0,12.35,missing,Q
628,1,1,1,21.0,0,0,77.9583,D9,S
629,0,3,0,26.0,0,0,7.8958,missing,S
630,0,3,0,29.7,0,0,7.7333,missing,Q
631,1,1,0,80.0,0,0,30.0,A23,S
632,0,3,0,51.0,0,0,7.0542,missing,S
633,1,1,0,32.0,0,0,30.5,B50,C
634,0,1,0,29.7,0,0,0.0,missing,S
635,0,3,1,9.0,3,2,27.9,missing,S
636,1,2,1,28.0,0,0,13.0,missing,S
637,0,3,0,32.0,0,0,7.925,missing,S
638,0,2,0,31.0,1,1,26.25,missing,S
639,0,3,1,41.0,0,5,39.6875,missing,S
640,0,3,0,29.7,1,0,16.1,missing,S
641,0,3,0,20.0,0,0,7.8542,missing,S
642,1,1,1,24.0,0,0,69.3,B35,C
643,0,3,1,2.0,3,2,27.9,missing,S
644,1,3,0,29.7,0,0,56.4958,missing,S
645,1,3,1,0.75,2,1,19.2583,missing,C
646,1,1,0,48.0,1,0,76.7292,D33,C
647,0,3,0,19.0,0,0,7.8958,missing,S
648,1,1,0,56.0,0,0,35.5,A26,C
649,0,3,0,29.7,0,0,7.55,missing,S
650,1,3,1,23.0,0,0,7.55,missing,S
651,0,3,0,29.7,0,0,7.8958,missing,S
652,1,2,1,18.0,0,1,23.0,missing,S
653,0,3,0,21.0,0,0,8.4333,missing,S
654,1,3,1,29.7,0,0,7.8292,missing,Q
655,0,3,1,18.0,0,0,6.75,missing,Q
656,0,2,0,24.0,2,0,73.5,missing,S
657,0,3,0,29.7,0,0,7.8958,missing,S
658,0,3,1,32.0,1,1,15.5,missing,Q
659,0,2,0,23.0,0,0,13.0,missing,S
660,0,1,0,58.0,0,2,113.275,D48,C
661,1,1,0,50.0,2,0,133.65,missing,S
662,0,3,0,40.0,0,0,7.225,missing,C
663,0,1,0,47.0,0,0,25.5875,E58,S
664,0,3,0,36.0,0,0,7.4958,missing,S
665,1,3,0,20.0,1,0,7.925,missing,S
666,0,2,0,32.0,2,0,73.5,missing,S
667,0,2,0,25.0,0,0,13.0,missing,S
668,0,3,0,29.7,0,0,7.775,missing,S
669,0,3,0,43.0,0,0,8.05,missing,S
670,1,1,1,29.7,1,0,52.0,C126,S
671,1,2,1,40.0,1,1,39.0,missing,S
672,0,1,0,31.0,1,0,52.0,B71,S
673,0,2,0,70.0,0,0,10.5,missing,S
674,1,2,0,31.0,0,0,13.0,missing,S
675,0,2,0,29.7,0,0,0.0,missing,S
676,0,3,0,18.0,0,0,7.775,missing,S
677,0,3,0,24.5,0,0,8.05,missing,S
678,1,3,1,18.0,0,0,9.8417,missing,S
679,0,3,1,43.0,1,6,46.9,missing,S
680,1,1,0,36.0,0,1,512.3292,B51 B53 B55,C
681,0,3,1,29.7,0,0,8.1375,missing,Q
682,1,1,0,27.0,0,0,76.7292,D49,C
683,0,3,0,20.0,0,0,9.225,missing,S
684,0,3,0,14.0,5,2,46.9,missing,S
685,0,2,0,60.0,1,1,39.0,missing,S
686,0,2,0,25.0,1,2,41.5792,missing,C
687,0,3,0,14.0,4,1,39.6875,missing,S
688,0,3,0,19.0,0,0,10.1708,missing,S
689,0,3,0,18.0,0,0,7.7958,missing,S
690,1,1,1,15.0,0,1,211.3375,B5,S
691,1,1,0,31.0,1,0,57.0,B20,S
692,1,3,1,4.0,0,1,13.4167,missing,C
693,1,3,0,29.7,0,0,56.4958,missing,S
694,0,3,0,25.0,0,0,7.225,missing,C
695,0,1,0,60.0,0,0,26.55,missing,S
696,0,2,0,52.0,0,0,13.5,missing,S
697,0,3,0,44.0,0,0,8.05,missing,S
698,1,3,1,29.7,0,0,7.7333,missing,Q
699,0,1,0,49.0,1,1,110.8833,C68,C
700,0,3,0,42.0,0,0,7.65,F G63,S
701,1,1,1,18.0,1,0,227.525,C62 C64,C
702,1,1,0,35.0,0,0,26.2875,E24,S
703,0,3,1,18.0,0,1,14.4542,missing,C
704,0,3,0,25.0,0,0,7.7417,missing,Q
705,0,3,0,26.0,1,0,7.8542,missing,S
706,0,2,0,39.0,0,0,26.0,missing,S
707,1,2,1,45.0,0,0,13.5,missing,S
708,1,1,0,42.0,0,0,26.2875,E24,S
709,1,1,1,22.0,0,0,151.55,missing,S
710,1,3,0,29.7,1,1,15.2458,missing,C
711,1,1,1,24.0,0,0,49.5042,C90,C
712,0,1,0,29.7,0,0,26.55,C124,S
713,1,1,0,48.0,1,0,52.0,C126,S
714,0,3,0,29.0,0,0,9.4833,missing,S
715,0,2,0,52.0,0,0,13.0,missing,S
716,0,3,0,19.0,0,0,7.65,F G73,S
717,1,1,1,38.0,0,0,227.525,C45,C
718,1,2,1,27.0,0,0,10.5,E101,S
719,0,3,0,29.7,0,0,15.5,missing,Q
720,0,3,0,33.0,0,0,7.775,missing,S
721,1,2,1,6.0,0,1,33.0,missing,S
722,0,3,0,17.0,1,0,7.0542,missing,S
723,0,2,0,34.0,0,0,13.0,missing,S
724,0,2,0,50.0,0,0,13.0,missing,S
725,1,1,0,27.0,1,0,53.1,E8,S
726,0,3,0,20.0,0,0,8.6625,missing,S
727,1,2,1,30.0,3,0,21.0,missing,S
728,1,3,1,29.7,0,0,7.7375,missing,Q
729,0,2,0,25.0,1,0,26.0,missing,S
730,0,3,1,25.0,1,0,7.925,missing,S
731,1,1,1,29.0,0,0,211.3375,B5,S
732,0,3,0,11.0,0,0,18.7875,missing,C
733,0,2,0,29.7,0,0,0.0,missing,S
734,0,2,0,23.0,0,0,13.0,missing,S
735,0,2,0,23.0,0,0,13.0,missing,S
736,0,3,0,28.5,0,0,16.1,missing,S
737,0,3,1,48.0,1,3,34.375,missing,S
738,1,1,0,35.0,0,0,512.3292,B101,C
739,0,3,0,29.7,0,0,7.8958,missing,S
740,0,3,0,29.7,0,0,7.8958,missing,S
741,1,1,0,29.7,0,0,30.0,D45,S
742,0,1,0,36.0,1,0,78.85,C46,S
743,1,1,1,21.0,2,2,262.375,B57 B59 B63 B66,C
744,0,3,0,24.0,1,0,16.1,missing,S
745,1,3,0,31.0,0,0,7.925,missing,S
746,0,1,0,70.0,1,1,71.0,B22,S
747,0,3,0,16.0,1,1,20.25,missing,S
748,1,2,1,30.0,0,0,13.0,missing,S
749,0,1,0,19.0,1,0,53.1,D30,S
750,0,3,0,31.0,0,0,7.75,missing,Q
751,1,2,1,4.0,1,1,23.0,missing,S
752,1,3,0,6.0,0,1,12.475,E121,S
753,0,3,0,33.0,0,0,9.5,missing,S
754,0,3,0,23.0,0,0,7.8958,missing,S
755,1,2,1,48.0,1,2,65.0,missing,S
756,1,2,0,0.67,1,1,14.5,missing,S
757,0,3,0,28.0,0,0,7.7958,missing,S
758,0,2,0,18.0,0,0,11.5,missing,S
759,0,3,0,34.0,0,0,8.05,missing,S
760,1,1,1,33.0,0,0,86.5,B77,S
761,0,3,0,29.7,0,0,14.5,missing,S
762,0,3,0,41.0,0,0,7.125,missing,S
763,1,3,0,20.0,0,0,7.2292,missing,C
764,1,1,1,36.0,1,2,120.0,B96 B98,S
765,0,3,0,16.0,0,0,7.775,missing,S
766,1,1,1,51.0,1,0,77.9583,D11,S
767,0,1,0,29.7,0,0,39.6,missing,C
768,0,3,1,30.5,0,0,7.75,missing,Q
769,0,3,0,29.7,1,0,24.15,missing,Q
770,0,3,0,32.0,0,0,8.3625,missing,S
771,0,3,0,24.0,0,0,9.5,missing,S
772,0,3,0,48.0,0,0,7.8542,missing,S
773,0,2,1,57.0,0,0,10.5,E77,S
774,0,3,0,29.7,0,0,7.225,missing,C
775,1,2,1,54.0,1,3,23.0,missing,S
776,0,3,0,18.0,0,0,7.75,missing,S
777,0,3,0,29.7,0,0,7.75,F38,Q
778,1,3,1,5.0,0,0,12.475,missing,S
779,0,3,0,29.7,0,0,7.7375,missing,Q
780,1,1,1,43.0,0,1,211.3375,B3,S
781,1,3,1,13.0,0,0,7.2292,missing,C
782,1,1,1,17.0,1,0,57.0,B20,S
783,0,1,0,29.0,0,0,30.0,D6,S
784,0,3,0,29.7,1,2,23.45,missing,S
785,0,3,0,25.0,0,0,7.05,missing,S
786,0,3,0,25.0,0,0,7.25,missing,S
787,1,3,1,18.0,0,0,7.4958,missing,S
788,0,3,0,8.0,4,1,29.125,missing,Q
789,1,3,0,1.0,1,2,20.575,missing,S
790,0,1,0,46.0,0,0,79.2,B82 B84,C
791,0,3,0,29.7,0,0,7.75,missing,Q
792,0,2,0,16.0,0,0,26.0,missing,S
793,0,3,1,29.7,8,2,69.55,missing,S
794,0,1,0,29.7,0,0,30.6958,missing,C
795,0,3,0,25.0,0,0,7.8958,missing,S
796,0,2,0,39.0,0,0,13.0,missing,S
797,1,1,1,49.0,0,0,25.9292,D17,S
798,1,3,1,31.0,0,0,8.6833,missing,S
799,0,3,0,30.0,0,0,7.2292,missing,C
800,0,3,1,30.0,1,1,24.15,missing,S
801,0,2,0,34.0,0,0,13.0,missing,S
802,1,2,1,31.0,1,1,26.25,missing,S
803,1,1,0,11.0,1,2,120.0,B96 B98,S
804,1,3,0,0.42,0,1,8.5167,missing,C
805,1,3,0,27.0,0,0,6.975,missing,S
806,0,3,0,31.0,0,0,7.775,missing,S
807,0,1,0,39.0,0,0,0.0,A36,S
808,0,3,1,18.0,0,0,7.775,missing,S
809,0,2,0,39.0,0,0,13.0,missing,S
810,1,1,1,33.0,1,0,53.1,E8,S
811,0,3,0,26.0,0,0,7.8875,missing,S
812,0,3,0,39.0,0,0,24.15,missing,S
813,0,2,0,35.0,0,0,10.5,missing,S
814,0,3,1,6.0,4,2,31.275,missing,S
815,0,3,0,30.5,0,0,8.05,missing,S
816,0,1,0,29.7,0,0,0.0,B102,S
817,0,3,1,23.0,0,0,7.925,missing,S
818,0,2,0,31.0,1,1,37.0042,missing,C
819,0,3,0,43.0,0,0,6.45,missing,S
820,0,3,0,10.0,3,2,27.9,missing,S
821,1,1,1,52.0,1,1,93.5,B69,S
822,1,3,0,27.0,0,0,8.6625,missing,S
823,0,1,0,38.0,0,0,0.0,missing,S
824,1,3,1,27.0,0,1,12.475,E121,S
825,0,3,0,2.0,4,1,39.6875,missing,S
826,0,3,0,29.7,0,0,6.95,missing,Q
827,0,3,0,29.7,0,0,56.4958,missing,S
828,1,2,0,1.0,0,2,37.0042,missing,C
829,1,3,0,29.7,0,0,7.75,missing,Q
830,1,1,1,62.0,0,0,80.0,B28,
831,1,3,1,15.0,1,0,14.4542,missing,C
832,1,2,0,0.83,1,1,18.75,missing,S
833,0,3,0,29.7,0,0,7.2292,missing,C
834,0,3,0,23.0,0,0,7.8542,missing,S
835,0,3,0,18.0,0,0,8.3,missing,S
836,1,1,1,39.0,1,1,83.1583,E49,C
837,0,3,0,21.0,0,0,8.6625,missing,S
838,0,3,0,29.7,0,0,8.05,missing,S
839,1,3,0,32.0,0,0,56.4958,missing,S
840,1,1,0,29.7,0,0,29.7,C47,C
841,0,3,0,20.0,0,0,7.925,missing,S
842,0,2,0,16.0,0,0,10.5,missing,S
843,1,1,1,30.0,0,0,31.0,missing,C
844,0,3,0,34.5,0,0,6.4375,missing,C
845,0,3,0,17.0,0,0,8.6625,missing,S
846,0,3,0,42.0,0,0,7.55,missing,S
847,0,3,0,29.7,8,2,69.55,missing,S
848,0,3,0,35.0,0,0,7.8958,missing,C
849,0,2,0,28.0,0,1,33.0,missing,S
850,1,1,1,29.7,1,0,89.1042,C92,C
851,0,3,0,4.0,4,2,31.275,missing,S
852,0,3,0,74.0,0,0,7.775,missing,S
853,0,3,1,9.0,1,1,15.2458,missing,C
854,1,1,1,16.0,0,1,39.4,D28,S
855,0,2,1,44.0,1,0,26.0,missing,S
856,1,3,1,18.0,0,1,9.35,missing,S
857,1,1,1,45.0,1,1,164.8667,missing,S
858,1,1,0,51.0,0,0,26.55,E17,S
859,1,3,1,24.0,0,3,19.2583,missing,C
860,0,3,0,29.7,0,0,7.2292,missing,C
861,0,3,0,41.0,2,0,14.1083,missing,S
862,0,2,0,21.0,1,0,11.5,missing,S
863,1,1,1,48.0,0,0,25.9292,D17,S
864,0,3,1,29.7,8,2,69.55,missing,S
865,0,2,0,24.0,0,0,13.0,missing,S
866,1,2,1,42.0,0,0,13.0,missing,S
867,1,2,1,27.0,1,0,13.8583,missing,C
868,0,1,0,31.0,0,0,50.4958,A24,S
869,0,3,0,29.7,0,0,9.5,missing,S
870,1,3,0,4.0,1,1,11.1333,missing,S
871,0,3,0,26.0,0,0,7.8958,missing,S
872,1,1,1,47.0,1,1,52.5542,D35,S
873,0,1,0,33.0,0,0,5.0,B51 B53 B55,S
874,0,3,0,47.0,0,0,9.0,missing,S
875,1,2,1,28.0,1,0,24.0,missing,C
876,1,3,1,15.0,0,0,7.225,missing,C
877,0,3,0,20.0,0,0,9.8458,missing,S
878,0,3,0,19.0,0,0,7.8958,missing,S
879,0,3,0,29.7,0,0,7.8958,missing,S
880,1,1,1,56.0,0,1,83.1583,C50,C
881,1,2,1,25.0,0,1,26.0,missing,S
882,0,3,0,33.0,0,0,7.8958,missing,S
883,0,3,1,22.0,0,0,10.5167,missing,S
884,0,2,0,28.0,0,0,10.5,missing,S
885,0,3,0,25.0,0,0,7.05,missing,S
886,0,3,1,39.0,0,5,29.125,missing,Q
887,0,2,0,27.0,0,0,13.0,missing,S
888,1,1,1,19.0,0,0,30.0,B42,S
889,0,3,1,29.7,1,2,23.45,missing,S
890,1,1,0,26.0,0,0,30.0,C148,C
891,0,3,0,32.0,0,0,7.75,missing,Q
